<?xml version="1.0"?>
<!--
  Genesis Enterprise Network Engineering & Systems Installation Solution.
  
  Import to be used by build.xml files that will define the standard Genesis targets.
  Author Paul Jones
 -->
<project name="GenesisBuildResources" basedir="." default="explanation">
  <!-- A simple target that logs the point of this file, in case someone tries to execute it! -->
  <target name="explanation">
    <echo message="This file should be included in your primary build.xml file." />
    <echo message="It will provide easy access to the Genesis task library." />
  </target>
  
  <!-- Define the genesis class path -->
  <dirname property="resources.basedir" file="${ant.file.GenesisBuildResources}"/>
  <path id="genesis.lib">
    <fileset dir="${resources.basedir}/../lib">
      <include name="**/*.jar" />
    </fileset>
  </path>
  
  <!-- Define the genesis tasks -->
  <taskdef name="resolvegenesisobject" classname="com.uk.genesis.ant.ResolveGenesisObjectFileName" classpathref="genesis.lib"/>
  <taskdef name="createfiltersetusingobjects" classname="com.uk.genesis.ant.CreateFilterSetUsingObjects" classpathref="genesis.lib"/>
  <taskdef name="foreachgenesisobject" classname="com.uk.genesis.ant.ForEachGenesisObject" classpathref="genesis.lib"/>
  <taskdef name="genesisvalidate" classname="com.uk.genesis.ant.Validate" classpathref="genesis.lib"/>
  <taskdef name="findtokens" classname="com.uk.genesis.ant.FindTokens" classpathref="genesis.lib"/>
  <taskdef name="definegenesisarchetypes" classname="com.uk.genesis.ant.DefineTargetsForGenesisArchetypes" classpathref="genesis.lib"/>
  <taskdef name="locatevalues" classname="com.uk.genesis.ant.ValueLocator" classpathref="genesis.lib"/>
  <taskdef name="locateusages" classname="com.uk.genesis.ant.UsageLocator" classpathref="genesis.lib"/>
  <taskdef name="retrieveobjectproperty" classname="com.uk.genesis.ant.RetrieveObjectProperty" classpathref="genesis.lib"/>
  <taskdef name="createrescollforgenesisobjects" classname="com.uk.genesis.ant.CreateResourceCollectionFromObjects" classpathref="genesis.lib"/>
  <taskdef name="retrieveobjectproperties" classname="com.uk.genesis.ant.RetrieveObjectProperties" classpathref="genesis.lib"/>
  <taskdef name="cat" classname="com.uk.genesis.utils.Cat" classpathref="genesis.lib"/>		
</project>
